id;nom;images;images_content_type;description
1;Via Account;../fake-data/blob/hipster.png;image/png;Cambridgeshire Lead
2;reintermediate open-source;../fake-data/blob/hipster.png;image/png;Tasty
3;Optional Soap;../fake-data/blob/hipster.png;image/png;calculate exuding Factors
4;Turkey Soft Investment;../fake-data/blob/hipster.png;image/png;Avon THX
5;strategize withdrawal;../fake-data/blob/hipster.png;image/png;Assurance Beauty invoice
6;Solutions Cheese auxiliary;../fake-data/blob/hipster.png;image/png;Kids Gorgeous
7;payment Lodge Account;../fake-data/blob/hipster.png;image/png;holistic port invoice
8;Metal;../fake-data/blob/hipster.png;image/png;COM
9;static;../fake-data/blob/hipster.png;image/png;middleware
10;IB Loan;../fake-data/blob/hipster.png;image/png;Enhanced copying
